{
  "project_info": {
    "project_number": "563821718538",
    "firebase_url": "https://gallery-android-app-22-default-rtdb.asia-southeast1.firebasedatabase.app",
    "project_id": "gallery-android-app-22",
    "storage_bucket": "gallery-android-app-22.appspot.com"
  },
  "client": [
    {
      "client_info": {
        "mobilesdk_app_id": "1:563821718538:android:81e6670a14c139961403f3",
        "android_client_info": {
          "package_name": "com.example.gallery"
        }
      },
      "oauth_client": [
        {
          "client_id": "563821718538-7uhjrvaein2am86evq1d09mi2o06oiei.apps.googleusercontent.com",
          "client_type": 1,
          "android_info": {
            "package_name": "com.example.gallery",
            "certificate_hash": "84348c708033c774f51c5637ded35f6715b79ee1"
          }
        },
        {
          "client_id": "563821718538-la90te6dvk934vic4f6t8qfopes6g0t2.apps.googleusercontent.com",
          "client_type": 3
        }
      ],
      "api_key": [
        {
          "current_key": "AIzaSyDyBb0lAStiiZL49FTnjPDWd261t5GE6hA"
        }
      ],
      "services": {
        "appinvite_service": {
          "other_platform_oauth_client": [
            {
              "client_id": "563821718538-la90te6dvk934vic4f6t8qfopes6g0t2.apps.googleusercontent.com",
              "client_type": 3
            }
          ]
        }
      }
    }
  ],
  "configuration_version": "1"
}